mm_policy,qa_function,explore_policy,pretrain_semantic,long_capacity,episodic_capacity,semantic_capacity,short_capacity,semantic_decay_factor,test_mean,test_std
episodic,episodic,avoid_walls,False,2,2,0,1,1.0,61.82000000000001,6.077302032974832
semantic,semantic,avoid_walls,exclude_walls,2,0,2,1,0.5,61.0,5.093917942016736
semantic,semantic,avoid_walls,False,2,0,2,1,0.5,60.660000000000004,4.721271015309332
semantic,semantic,avoid_walls,exclude_walls,2,0,2,1,0.9,59.379999999999995,4.941821526522378
semantic,semantic,avoid_walls,include_walls,2,0,2,1,0.7,59.2,3.9929938642577456
semantic,semantic,avoid_walls,exclude_walls,2,0,2,1,0.7,58.78000000000001,2.1018087448671463
semantic,semantic,avoid_walls,False,2,0,2,1,0.7,58.52,2.1939917957914052
semantic,semantic,avoid_walls,include_walls,2,0,2,1,0.5,57.28000000000001,4.183969407153929
semantic,semantic,avoid_walls,False,2,0,2,1,0.9,56.05999999999999,7.325189417346149
semantic,semantic,avoid_walls,include_walls,2,0,2,1,0.9,55.58,4.309245873699942
episodic,episodic,random,False,2,2,0,1,1.0,53.739999999999995,4.916340102149158
semantic,semantic,random,include_walls,2,0,2,1,0.5,52.260000000000005,3.938324516847234
semantic,semantic,avoid_walls,False,2,0,2,1,0.99,51.720000000000006,5.150689274262231
semantic,semantic,random,include_walls,2,0,2,1,0.9,51.58,4.5366948321437714
semantic,semantic,random,exclude_walls,2,0,2,1,0.5,50.580000000000005,3.423682228244904
semantic,semantic,random,False,2,0,2,1,0.5,49.89999999999999,3.449637662132069
semantic,semantic,random,exclude_walls,2,0,2,1,0.9,49.0,3.456587912956937
semantic,semantic,random,include_walls,2,0,2,1,0.7,48.06,3.005062395358872
semantic,semantic,random,False,2,0,2,1,0.7,47.78,5.561079031986508
semantic,semantic,avoid_walls,include_walls,2,0,2,1,0.99,47.52,2.5926048676958087
semantic,semantic,random,exclude_walls,2,0,2,1,0.7,47.18,3.3462815183424124
semantic,semantic,avoid_walls,exclude_walls,2,0,2,1,0.99,46.4,2.4779023386727723
random,episodic_semantic,avoid_walls,exclude_walls,2,1,1,1,0.7,45.34,1.7984437717093082
random,episodic_semantic,avoid_walls,exclude_walls,2,1,1,1,0.5,45.339999999999996,1.7984437717093085
random,episodic_semantic,avoid_walls,exclude_walls,2,1,1,1,0.9,45.339999999999996,1.7984437717093085
random,episodic_semantic,avoid_walls,exclude_walls,2,1,1,1,0.99,45.339999999999996,1.7984437717093085
random,episodic_semantic,avoid_walls,False,2,1,1,1,0.5,45.0,1.584929020492715
random,episodic_semantic,avoid_walls,False,2,1,1,1,0.9,45.0,1.584929020492715
random,episodic_semantic,avoid_walls,False,2,1,1,1,0.7,44.99999999999999,1.584929020492715
random,episodic_semantic,avoid_walls,False,2,1,1,1,0.99,44.99999999999999,1.584929020492715
semantic,semantic,random,False,2,0,2,1,0.99,44.9,2.6252618916976656
semantic,semantic,random,False,2,0,2,1,0.9,44.660000000000004,4.213122357587065
random,episodic_semantic,avoid_walls,include_walls,2,1,1,1,0.5,42.9,2.7691153822114383
random,episodic_semantic,avoid_walls,include_walls,2,1,1,1,0.7,42.9,2.7691153822114383
random,episodic_semantic,avoid_walls,include_walls,2,1,1,1,0.9,42.9,2.7691153822114383
random,episodic_semantic,avoid_walls,include_walls,2,1,1,1,0.99,42.9,2.7691153822114383
semantic,semantic,random,include_walls,2,0,2,1,0.99,42.32,4.581004256710532
semantic,semantic,random,exclude_walls,2,0,2,1,0.99,42.18,4.18062196329685
random,episodic_semantic,random,exclude_walls,2,1,1,1,0.9,38.480000000000004,2.89855136231877
random,episodic_semantic,random,exclude_walls,2,1,1,1,0.99,38.480000000000004,2.89855136231877
random,episodic_semantic,random,exclude_walls,2,1,1,1,0.5,38.48,2.89855136231877
random,episodic_semantic,random,exclude_walls,2,1,1,1,0.7,38.48,2.89855136231877
random,episodic_semantic,random,include_walls,2,1,1,1,0.5,36.88,4.661072837877564
random,episodic_semantic,random,include_walls,2,1,1,1,0.7,36.88,4.661072837877564
random,episodic_semantic,random,include_walls,2,1,1,1,0.9,36.88,4.661072837877564
random,episodic_semantic,random,include_walls,2,1,1,1,0.99,36.88,4.661072837877564
random,episodic_semantic,random,False,2,1,1,1,0.5,36.67999999999999,2.863843571147
random,episodic_semantic,random,False,2,1,1,1,0.7,36.67999999999999,2.863843571147
random,episodic_semantic,random,False,2,1,1,1,0.9,36.67999999999999,2.863843571147
random,episodic_semantic,random,False,2,1,1,1,0.99,36.67999999999999,2.863843571147
random,episodic_semantic,random,exclude_walls,2,0,2,1,0.99,30.26,7.865519690395543
random,episodic_semantic,avoid_walls,False,2,0,2,1,0.99,29.72,6.466962192559966
random,episodic_semantic,avoid_walls,include_walls,2,0,2,1,0.9,29.380000000000003,2.6041505332833577
random,episodic_semantic,random,False,2,0,2,1,0.5,29.22,2.2798245546532754
random,episodic_semantic,avoid_walls,exclude_walls,2,0,2,1,0.5,29.1,2.747362371439196
random,episodic_semantic,avoid_walls,include_walls,2,0,2,1,0.7,28.9,3.7336309405188928
random,episodic_semantic,avoid_walls,False,2,0,2,1,0.5,28.640000000000004,1.500133327407934
random,episodic_semantic,avoid_walls,exclude_walls,2,0,2,1,0.7,28.579999999999995,3.126915412990891
random,episodic_semantic,random,include_walls,2,0,2,1,0.9,28.1,2.730567706540163
random,episodic_semantic,random,exclude_walls,2,0,2,1,0.7,27.939999999999998,1.2338557452149743
random,episodic_semantic,random,exclude_walls,2,0,2,1,0.5,27.22,3.0188739622581147
random,episodic_semantic,random,include_walls,2,0,2,1,0.5,27.2,4.029392013691396
random,episodic_semantic,avoid_walls,False,2,0,2,1,0.9,27.0,3.290592651787821
random,episodic_semantic,avoid_walls,False,2,0,2,1,0.7,26.919999999999998,4.2248786964834855
random,episodic_semantic,avoid_walls,include_walls,2,0,2,1,0.99,26.880000000000003,3.948873257019019
random,episodic_semantic,avoid_walls,exclude_walls,2,0,2,1,0.9,26.7,1.3594116374373137
random,episodic_semantic,avoid_walls,include_walls,2,0,2,1,0.5,26.639999999999997,2.69859222558726
random,episodic_semantic,avoid_walls,exclude_walls,2,0,2,1,0.99,26.279999999999994,4.213027415054405
random,episodic_semantic,random,exclude_walls,2,0,2,1,0.9,25.919999999999998,1.6509391266791151
random,episodic_semantic,random,False,2,0,2,1,0.7,25.060000000000002,4.024226633776979
random,episodic_semantic,random,False,2,2,0,1,1.0,25.0,3.038420642373271
random,episodic_semantic,random,include_walls,2,0,2,1,0.7,24.64,1.2658593918757326
random,episodic_semantic,random,False,2,0,2,1,0.9,24.54,2.589671793876591
random,episodic_semantic,avoid_walls,False,2,2,0,1,1.0,24.36,2.205991840420086
random,episodic_semantic,random,False,2,0,2,1,0.99,23.959999999999997,3.7022155528818153
random,random,avoid_walls,exclude_walls,2,1,1,1,0.5,22.580000000000002,1.3962807740565655
random,random,avoid_walls,exclude_walls,2,1,1,1,0.7,22.580000000000002,1.3962807740565655
random,random,avoid_walls,exclude_walls,2,1,1,1,0.9,22.580000000000002,1.3962807740565655
random,random,avoid_walls,exclude_walls,2,1,1,1,0.99,22.580000000000002,1.3962807740565655
random,random,avoid_walls,include_walls,2,1,1,1,0.7,21.560000000000002,1.781684596105607
random,random,avoid_walls,include_walls,2,1,1,1,0.99,21.560000000000002,1.781684596105607
random,random,avoid_walls,include_walls,2,1,1,1,0.5,21.56,1.781684596105607
random,random,avoid_walls,include_walls,2,1,1,1,0.9,21.56,1.7816845961056071
random,random,avoid_walls,False,2,1,1,1,0.5,21.060000000000002,1.2658593918757326
random,random,avoid_walls,False,2,1,1,1,0.9,21.060000000000002,1.2658593918757326
random,random,avoid_walls,False,2,1,1,1,0.7,21.06,1.2658593918757326
random,random,avoid_walls,False,2,1,1,1,0.99,21.06,1.2658593918757326
random,random,random,exclude_walls,2,1,1,1,0.7,20.940000000000005,1.324537655183875
random,random,random,exclude_walls,2,1,1,1,0.5,20.939999999999998,1.324537655183875
random,random,random,exclude_walls,2,1,1,1,0.9,20.939999999999998,1.3245376551838748
random,random,random,exclude_walls,2,1,1,1,0.99,20.939999999999998,1.3245376551838748
random,episodic_semantic,random,include_walls,2,0,2,1,0.99,20.16,1.962243613825766
random,random,random,False,2,1,1,1,0.5,19.46,1.5435025105259788
random,random,random,False,2,1,1,1,0.9,19.46,1.5435025105259788
random,random,random,False,2,1,1,1,0.99,19.46,1.5435025105259788
random,random,random,False,2,1,1,1,0.7,19.459999999999997,1.5435025105259788
random,random,random,include_walls,2,1,1,1,0.99,18.220000000000002,1.523679756379272
random,random,random,include_walls,2,1,1,1,0.5,18.22,1.523679756379272
random,random,random,include_walls,2,1,1,1,0.7,18.22,1.523679756379272
random,random,random,include_walls,2,1,1,1,0.9,18.22,1.523679756379272
random,random,random,include_walls,2,0,2,1,0.7,15.080000000000002,2.859650328274421
random,random,avoid_walls,False,2,0,2,1,0.9,14.520000000000001,1.4945233353815517
random,random,avoid_walls,include_walls,2,0,2,1,0.5,14.3,0.9380831519646857
random,random,random,False,2,0,2,1,0.5,14.260000000000002,1.419295599936814
random,random,random,include_walls,2,0,2,1,0.9,14.2,1.5760710643876443
random,random,avoid_walls,False,2,0,2,1,0.5,13.679999999999998,2.019306811754965
random,random,avoid_walls,exclude_walls,2,0,2,1,0.9,13.540000000000001,1.9703806738800502
random,random,avoid_walls,include_walls,2,0,2,1,0.7,13.420000000000002,2.376047137579555
random,random,avoid_walls,include_walls,2,0,2,1,0.9,13.3,0.8099382692526637
random,random,avoid_walls,exclude_walls,2,0,2,1,0.7,13.14,2.932302849297801
random,random,avoid_walls,False,2,0,2,1,0.7,13.12,0.7547184905645282
random,random,avoid_walls,exclude_walls,2,0,2,1,0.5,13.080000000000002,2.6324133414036637
random,random,avoid_walls,False,2,2,0,1,1.0,13.040000000000001,1.0762899237658967
random,random,random,False,2,0,2,1,0.7,12.959999999999999,0.5238320341483522
random,random,random,exclude_walls,2,0,2,1,0.7,12.919999999999998,1.9923855048659638
random,random,random,include_walls,2,0,2,1,0.5,12.66,0.8138795979750318
random,random,random,False,2,2,0,1,1.0,12.5,0.9077444574328176
random,random,random,False,2,0,2,1,0.9,12.48,1.3876599006961323
random,random,avoid_walls,include_walls,2,0,2,1,0.99,12.459999999999999,1.3836184445142379
random,random,random,exclude_walls,2,0,2,1,0.99,12.42,2.384449622030208
random,random,random,exclude_walls,2,0,2,1,0.5,11.98,1.0457533169921098
random,random,random,exclude_walls,2,0,2,1,0.9,11.92,1.7197674261364528
random,random,avoid_walls,exclude_walls,2,0,2,1,0.99,11.9,1.7492855684535904
random,random,random,include_walls,2,0,2,1,0.99,11.74,2.184124538573751
random,random,random,False,2,0,2,1,0.99,10.919999999999998,2.6678830559078106
random,random,avoid_walls,False,2,0,2,1,0.99,10.82,0.8084553172563095
semantic,semantic,avoid_walls,include_walls,6,0,6,1,0.9,88.0,8.962365759106245
semantic,semantic,avoid_walls,False,6,0,6,1,0.9,86.35999999999999,12.082814241723655
semantic,semantic,avoid_walls,False,6,0,6,1,0.7,85.82000000000001,7.2328141134692485
semantic,semantic,avoid_walls,exclude_walls,6,0,6,1,0.5,85.7,5.052919947911305
semantic,semantic,avoid_walls,exclude_walls,6,0,6,1,0.7,84.96000000000001,9.95381333962015
semantic,semantic,avoid_walls,include_walls,6,0,6,1,0.7,83.88,4.97127750180977
semantic,semantic,avoid_walls,exclude_walls,6,0,6,1,0.9,81.0,10.930141810607948
semantic,semantic,avoid_walls,include_walls,6,0,6,1,0.5,80.8,5.192301994298864
semantic,semantic,avoid_walls,False,6,0,6,1,0.5,78.16,6.382664020610831
semantic,semantic,avoid_walls,False,6,0,6,1,0.99,77.82000000000001,7.202888309560273
semantic,semantic,random,False,6,0,6,1,0.7,77.22,6.136904757286036
semantic,semantic,random,exclude_walls,6,0,6,1,0.7,76.38,7.062124326291629
semantic,semantic,random,exclude_walls,6,0,6,1,0.9,75.86,8.827819662861268
semantic,semantic,avoid_walls,exclude_walls,6,0,6,1,0.99,74.42,20.20350464647161
semantic,semantic,random,include_walls,6,0,6,1,0.7,73.94,2.060679499582603
semantic,semantic,random,include_walls,6,0,6,1,0.9,73.47999999999999,4.54770271675711
semantic,semantic,random,exclude_walls,6,0,6,1,0.5,71.0,5.685068161420754
semantic,semantic,random,False,6,0,6,1,0.5,69.56000000000002,7.747154316263488
semantic,semantic,random,False,6,0,6,1,0.9,69.33999999999999,6.11411481737136
semantic,semantic,random,include_walls,6,0,6,1,0.5,69.0,2.216303228351213
random,episodic_semantic,avoid_walls,False,6,3,3,1,0.9,67.58,2.818084455796169
random,episodic_semantic,avoid_walls,exclude_walls,6,3,3,1,0.7,67.44,2.9097078891187693
episodic,episodic,avoid_walls,False,6,6,0,1,1.0,67.39999999999999,1.25059985606908
random,episodic_semantic,avoid_walls,False,6,3,3,1,0.99,67.05999999999999,9.566734029960276
random,episodic_semantic,avoid_walls,include_walls,6,3,3,1,0.5,65.76,2.823898015155647
random,episodic_semantic,avoid_walls,False,6,3,3,1,0.7,65.58,4.056303736161778
random,episodic_semantic,avoid_walls,include_walls,6,3,3,1,0.9,65.54,6.041390568403933
random,episodic_semantic,avoid_walls,exclude_walls,6,3,3,1,0.5,65.5,5.3870214404622505
random,episodic_semantic,avoid_walls,include_walls,6,3,3,1,0.7,65.24,4.867278500353152
episodic,episodic,random,False,6,6,0,1,1.0,64.46,2.8118321429274555
random,episodic_semantic,avoid_walls,exclude_walls,6,3,3,1,0.99,64.22,6.802764144081433
random,episodic_semantic,random,exclude_walls,6,3,3,1,0.9,63.46,3.8836065712170154
random,episodic_semantic,avoid_walls,False,6,3,3,1,0.5,62.7,4.468109219793088
random,episodic_semantic,random,False,6,3,3,1,0.7,61.92,5.746094325713771
random,episodic_semantic,avoid_walls,exclude_walls,6,3,3,1,0.9,61.86,7.3448213048378515
random,episodic_semantic,avoid_walls,include_walls,6,3,3,1,0.99,61.52,8.68686364575846
random,episodic_semantic,avoid_walls,exclude_walls,6,0,6,1,0.99,60.04,7.507489593732381
random,episodic_semantic,random,exclude_walls,6,3,3,1,0.5,59.04,3.2628821615252974
random,episodic_semantic,random,exclude_walls,6,3,3,1,0.7,59.04,5.151155210241678
random,episodic_semantic,avoid_walls,include_walls,6,0,6,1,0.9,58.71999999999999,4.8470197028689705
random,episodic_semantic,random,include_walls,6,3,3,1,0.7,58.67999999999999,6.516563511545025
random,episodic_semantic,avoid_walls,False,6,0,6,1,0.7,58.279999999999994,3.572338169882578
random,episodic_semantic,avoid_walls,include_walls,6,0,6,1,0.7,58.260000000000005,6.692861869185706
random,episodic_semantic,avoid_walls,exclude_walls,6,0,6,1,0.9,58.2,7.44472967944438
random,episodic_semantic,random,exclude_walls,6,0,6,1,0.7,57.9,5.454172714537008
random,episodic_semantic,random,include_walls,6,0,6,1,0.5,57.279999999999994,6.299968253888269
random,episodic_semantic,random,False,6,0,6,1,0.7,56.98,6.22845085073327
random,episodic_semantic,random,include_walls,6,3,3,1,0.5,56.82000000000001,6.960287350390066
random,episodic_semantic,avoid_walls,include_walls,6,0,6,1,0.5,56.580000000000005,7.513028683560313
random,episodic_semantic,random,False,6,0,6,1,0.9,56.54,8.440521310914393
random,episodic_semantic,avoid_walls,exclude_walls,6,0,6,1,0.5,55.919999999999995,5.693294301193289
random,episodic_semantic,random,exclude_walls,6,3,3,1,0.99,55.1,9.56639953169425
random,episodic_semantic,random,include_walls,6,3,3,1,0.9,54.98,7.8878133852164645
random,episodic_semantic,random,False,6,3,3,1,0.5,54.9,4.18903330137157
semantic,semantic,random,False,6,0,6,1,0.99,54.839999999999996,3.8758740949623225
random,episodic_semantic,random,False,6,0,6,1,0.5,54.44,4.437386618269811
random,episodic_semantic,avoid_walls,exclude_walls,6,0,6,1,0.7,54.4,5.4947247428783905
random,episodic_semantic,random,exclude_walls,6,0,6,1,0.5,54.32000000000001,6.722916033984064
random,episodic_semantic,random,include_walls,6,3,3,1,0.99,54.15999999999999,4.7663822758985654
random,episodic_semantic,random,exclude_walls,6,0,6,1,0.9,54.1,3.9552496760634464
semantic,semantic,avoid_walls,include_walls,6,0,6,1,0.99,53.080000000000005,6.159350615121694
random,episodic_semantic,random,False,6,3,3,1,0.9,53.06,4.8471022271043545
random,episodic_semantic,avoid_walls,False,6,0,6,1,0.5,52.64,8.023615145307007
random,episodic_semantic,avoid_walls,False,6,0,6,1,0.9,52.519999999999996,7.836938177630343
random,episodic_semantic,random,include_walls,6,0,6,1,0.7,51.019999999999996,3.377217789838258
random,episodic_semantic,random,include_walls,6,0,6,1,0.9,50.96,5.5604316379216465
random,episodic_semantic,avoid_walls,False,6,6,0,1,1.0,50.9,3.0639843341636053
semantic,semantic,random,include_walls,6,0,6,1,0.99,50.5,3.1476975712415585
random,episodic_semantic,random,False,6,3,3,1,0.99,50.260000000000005,4.480446406330513
semantic,semantic,random,exclude_walls,6,0,6,1,0.99,50.019999999999996,5.3614923295664605
random,episodic_semantic,avoid_walls,False,6,0,6,1,0.99,49.92,11.411117386128318
random,episodic_semantic,random,False,6,6,0,1,1.0,44.00000000000001,4.102682049586589
random,episodic_semantic,random,exclude_walls,6,0,6,1,0.99,43.11999999999999,10.593469686556904
random,episodic_semantic,random,False,6,0,6,1,0.99,42.2,7.325844661197779
random,episodic_semantic,avoid_walls,include_walls,6,0,6,1,0.99,40.08,5.13318614507598
random,random,avoid_walls,include_walls,6,3,3,1,0.9,38.0,5.303583694069511
random,random,avoid_walls,False,6,3,3,1,0.5,36.46,3.863469942939896
random,random,avoid_walls,exclude_walls,6,3,3,1,0.99,35.56,4.533696063919592
random,random,avoid_walls,exclude_walls,6,3,3,1,0.9,35.5,2.33238075793812
random,random,avoid_walls,include_walls,6,3,3,1,0.99,34.92,4.205900616990373
random,random,avoid_walls,include_walls,6,3,3,1,0.5,34.86,3.7844946822528365
random,random,avoid_walls,False,6,3,3,1,0.99,34.62,6.471908528401806
random,random,avoid_walls,exclude_walls,6,3,3,1,0.7,34.400000000000006,2.3306651411131547
random,random,random,exclude_walls,6,3,3,1,0.7,34.02,4.949100928451552
random,random,avoid_walls,include_walls,6,3,3,1,0.7,34.0,3.086745859315275
random,episodic_semantic,random,include_walls,6,0,6,1,0.99,32.89999999999999,8.043631020876083
random,random,random,include_walls,6,3,3,1,0.5,32.599999999999994,3.7989472225868064
random,random,random,False,6,3,3,1,0.9,32.56,3.024301572264248
random,random,avoid_walls,exclude_walls,6,3,3,1,0.5,32.52,3.164427278355438
random,random,avoid_walls,False,6,3,3,1,0.7,32.5,4.278317426278701
random,random,random,include_walls,6,3,3,1,0.9,31.340000000000003,3.3613092687225326
random,random,random,include_walls,6,3,3,1,0.7,30.820000000000004,2.611819289307743
random,random,random,exclude_walls,6,3,3,1,0.5,30.7,3.7878753939378726
random,random,avoid_walls,False,6,3,3,1,0.9,30.68,1.5249918032566612
random,random,random,include_walls,6,0,6,1,0.5,30.0,1.5556349186104055
random,random,random,False,6,3,3,1,0.7,29.939999999999998,2.6066069899392184
random,random,random,False,6,3,3,1,0.5,29.9,2.0562101059959796
random,random,avoid_walls,exclude_walls,6,0,6,1,0.9,29.82,2.94441844852256
random,random,random,exclude_walls,6,0,6,1,0.9,29.82,3.3629748735308733
random,random,random,exclude_walls,6,0,6,1,0.7,29.560000000000002,3.3850258492366057
random,random,random,exclude_walls,6,0,6,1,0.5,29.5,2.2405356502408074
random,random,random,exclude_walls,6,3,3,1,0.99,29.32,6.217845285949144
random,random,avoid_walls,include_walls,6,0,6,1,0.7,29.3,3.2180739581308564
random,random,random,exclude_walls,6,3,3,1,0.9,29.279999999999994,3.7418711896589936
random,random,avoid_walls,include_walls,6,0,6,1,0.9,29.04,1.82931681236466
random,random,random,False,6,0,6,1,0.5,28.840000000000003,3.395644268765502
random,random,random,False,6,3,3,1,0.99,28.82,3.2938731001664285
random,random,random,include_walls,6,0,6,1,0.7,28.660000000000004,3.5114669299311365
random,random,avoid_walls,include_walls,6,0,6,1,0.5,28.540000000000003,3.49204810963423
random,random,avoid_walls,False,6,0,6,1,0.99,28.28,4.319907406415098
random,random,avoid_walls,exclude_walls,6,0,6,1,0.5,28.119999999999997,3.04591529757477
random,random,random,False,6,0,6,1,0.9,28.079999999999995,5.7038232791698595
random,random,random,False,6,0,6,1,0.7,28.0,2.711457172813171
random,random,random,include_walls,6,0,6,1,0.9,27.6,3.866781607487032
random,random,avoid_walls,exclude_walls,6,0,6,1,0.7,27.52,1.133843022644669
random,random,avoid_walls,False,6,6,0,1,1.0,26.140000000000004,0.7552483035399685
random,random,avoid_walls,False,6,0,6,1,0.7,26.080000000000002,2.562342678097526
random,random,avoid_walls,False,6,0,6,1,0.5,25.7,2.353720459187964
random,random,random,include_walls,6,3,3,1,0.99,24.76,2.9438749973461853
random,random,avoid_walls,False,6,0,6,1,0.9,24.56,2.4409834083827766
random,random,random,False,6,6,0,1,1.0,24.18,3.8493635837629054
random,random,avoid_walls,include_walls,6,0,6,1,0.99,21.98,4.450348300976003
random,random,avoid_walls,exclude_walls,6,0,6,1,0.99,20.7,4.278784874237076
random,random,random,exclude_walls,6,0,6,1,0.99,19.84,5.990859704583309
random,random,random,False,6,0,6,1,0.99,18.6,3.7395186856064777
random,random,random,include_walls,6,0,6,1,0.99,15.780000000000001,2.5817823300967886
semantic,semantic,avoid_walls,include_walls,12,0,12,1,0.7,135.22,3.0746707140765532
semantic,semantic,avoid_walls,exclude_walls,12,0,12,1,0.7,134.68,6.842338781440155
semantic,semantic,avoid_walls,include_walls,12,0,12,1,0.5,131.28,5.137080883147549
semantic,semantic,avoid_walls,False,12,0,12,1,0.7,129.52,4.226771817829767
semantic,semantic,avoid_walls,include_walls,12,0,12,1,0.9,129.44,4.8060794833211045
semantic,semantic,avoid_walls,exclude_walls,12,0,12,1,0.5,128.48000000000002,3.8509219675293322
semantic,semantic,avoid_walls,exclude_walls,12,0,12,1,0.9,127.67999999999999,14.93417557148703
semantic,semantic,avoid_walls,False,12,0,12,1,0.9,124.52000000000001,9.208344042226047
semantic,semantic,avoid_walls,False,12,0,12,1,0.5,124.32000000000001,4.2742952635492975
semantic,semantic,random,exclude_walls,12,0,12,1,0.7,121.78,3.935174710225709
semantic,semantic,random,exclude_walls,12,0,12,1,0.9,121.55999999999999,10.643608410684786
episodic,episodic,avoid_walls,False,12,12,0,1,1.0,120.66,7.264323781330237
semantic,semantic,random,False,12,0,12,1,0.9,118.14000000000001,7.252751202130127
semantic,semantic,random,include_walls,12,0,12,1,0.5,117.16,6.032777138267249
semantic,semantic,random,False,12,0,12,1,0.7,116.88,3.243084951092091
semantic,semantic,avoid_walls,exclude_walls,12,0,12,1,0.99,114.96,17.3373123638008
semantic,semantic,random,exclude_walls,12,0,12,1,0.5,114.96,6.994168999959896
random,episodic_semantic,random,False,12,0,12,1,0.7,114.52000000000001,7.50850184790548
semantic,semantic,random,include_walls,12,0,12,1,0.7,113.66000000000001,2.8959281759049196
semantic,semantic,random,include_walls,12,0,12,1,0.9,113.66,9.794814954862598
semantic,semantic,random,False,12,0,12,1,0.5,113.42,5.055452502002167
random,episodic_semantic,random,exclude_walls,12,0,12,1,0.9,112.96000000000001,6.505259410661498
random,episodic_semantic,random,False,12,0,12,1,0.5,108.66000000000001,11.24466095531564
random,episodic_semantic,avoid_walls,False,12,0,12,1,0.7,104.1,9.0423448286382
semantic,semantic,random,False,12,0,12,1,0.99,103.6,8.098394902695224
random,episodic_semantic,random,exclude_walls,12,0,12,1,0.7,103.34,3.441278832062291
random,episodic_semantic,avoid_walls,False,12,6,6,1,0.99,103.06000000000002,6.688676999227873
semantic,semantic,avoid_walls,False,12,0,12,1,0.99,102.67999999999999,12.348020084207832
random,episodic_semantic,random,include_walls,12,0,12,1,0.7,102.34,6.225303205467187
semantic,semantic,random,exclude_walls,12,0,12,1,0.99,101.88,7.050219854727936
random,episodic_semantic,avoid_walls,include_walls,12,6,6,1,0.5,101.72,10.931312821431831
random,episodic_semantic,avoid_walls,exclude_walls,12,6,6,1,0.5,101.42,8.512437958657905
random,episodic_semantic,avoid_walls,False,12,6,6,1,0.7,101.08000000000001,8.909635233835331
random,episodic_semantic,avoid_walls,include_walls,12,6,6,1,0.7,100.62,6.334161349381623
random,episodic_semantic,random,exclude_walls,12,0,12,1,0.5,100.16,8.483536998210122
random,episodic_semantic,avoid_walls,include_walls,12,6,6,1,0.9,100.02000000000001,5.7908203218542385
random,episodic_semantic,avoid_walls,include_walls,12,0,12,1,0.7,99.32000000000002,9.141640990544316
random,episodic_semantic,avoid_walls,False,12,0,12,1,0.9,98.82000000000001,13.276204276825512
random,episodic_semantic,random,False,12,0,12,1,0.9,98.8,5.536424839189999
random,episodic_semantic,random,include_walls,12,0,12,1,0.9,98.38,12.456227358233313
random,episodic_semantic,avoid_walls,exclude_walls,12,0,12,1,0.5,98.35999999999999,9.242856701258548
random,episodic_semantic,avoid_walls,include_walls,12,0,12,1,0.5,97.94000000000001,4.370629245314688
random,episodic_semantic,avoid_walls,exclude_walls,12,6,6,1,0.7,97.9,10.013990213696035
random,episodic_semantic,avoid_walls,False,12,6,6,1,0.5,97.53999999999999,5.509845732867661
random,episodic_semantic,avoid_walls,exclude_walls,12,6,6,1,0.9,96.58000000000001,8.566306088390728
random,episodic_semantic,avoid_walls,False,12,0,12,1,0.5,96.38000000000001,8.653646630178516
random,episodic_semantic,avoid_walls,exclude_walls,12,6,6,1,0.99,95.05999999999999,14.18542914401958
random,episodic_semantic,avoid_walls,include_walls,12,0,12,1,0.9,94.62,13.738908253569495
random,episodic_semantic,avoid_walls,exclude_walls,12,0,12,1,0.7,93.68,12.132996332316267
random,episodic_semantic,avoid_walls,False,12,6,6,1,0.9,93.58,4.421492960528152
random,episodic_semantic,random,False,12,6,6,1,0.9,92.72,8.826641490397128
random,episodic_semantic,random,exclude_walls,12,6,6,1,0.5,92.11999999999999,2.9525582128046204
random,episodic_semantic,random,include_walls,12,0,12,1,0.5,91.47999999999999,4.5805676504119015
random,episodic_semantic,avoid_walls,False,12,0,12,1,0.99,91.38,16.576778939227005
random,episodic_semantic,random,include_walls,12,6,6,1,0.5,91.28,10.17082100914179
random,episodic_semantic,random,exclude_walls,12,6,6,1,0.9,90.24,10.326780718113463
random,episodic_semantic,random,False,12,0,12,1,0.99,90.05999999999999,13.570644789397443
random,episodic_semantic,random,exclude_walls,12,6,6,1,0.7,89.0,4.542246140402347
random,episodic_semantic,avoid_walls,False,12,12,0,1,1.0,88.58,6.784806555827513
random,episodic_semantic,random,False,12,6,6,1,0.7,88.4,3.0938648968563545
random,episodic_semantic,avoid_walls,exclude_walls,12,0,12,1,0.9,87.84,17.971599817489814
episodic,episodic,random,False,12,12,0,1,1.0,86.48,5.984446507405678
random,episodic_semantic,avoid_walls,exclude_walls,12,0,12,1,0.99,86.32000000000001,16.25710921412537
random,episodic_semantic,random,include_walls,12,6,6,1,0.9,85.99999999999999,6.865274939869487
random,episodic_semantic,avoid_walls,include_walls,12,6,6,1,0.99,85.46000000000001,8.074800307128347
random,episodic_semantic,avoid_walls,include_walls,12,0,12,1,0.99,85.02000000000001,6.224917670138296
random,episodic_semantic,random,include_walls,12,6,6,1,0.7,84.91999999999999,4.3046021883560845
semantic,semantic,avoid_walls,include_walls,12,0,12,1,0.99,83.82,13.689616503028853
random,episodic_semantic,random,False,12,6,6,1,0.5,81.1,7.981227975693966
random,episodic_semantic,random,exclude_walls,12,6,6,1,0.99,81.04,10.945062813890104
semantic,semantic,random,include_walls,12,0,12,1,0.99,80.61999999999999,8.567940242555384
random,episodic_semantic,random,False,12,12,0,1,1.0,77.22,8.667964005462874
random,episodic_semantic,random,False,12,6,6,1,0.99,76.2,7.726059797852976
random,episodic_semantic,random,include_walls,12,6,6,1,0.99,73.54,6.549076270742313
random,episodic_semantic,random,include_walls,12,0,12,1,0.99,70.2,3.928867521309417
random,episodic_semantic,random,exclude_walls,12,0,12,1,0.99,68.9,16.756371922346435
random,random,avoid_walls,exclude_walls,12,6,6,1,0.5,60.82000000000001,2.4103111832292528
random,random,random,include_walls,12,6,6,1,0.5,58.35999999999999,6.170445688927178
random,random,avoid_walls,False,12,6,6,1,0.7,57.32000000000001,6.553289250445156
random,random,avoid_walls,include_walls,12,6,6,1,0.7,56.08,6.273563580613492
random,random,avoid_walls,exclude_walls,12,6,6,1,0.7,55.14,2.739781013146854
random,random,random,exclude_walls,12,0,12,1,0.9,54.94,5.022588973826149
random,random,avoid_walls,False,12,6,6,1,0.99,54.779999999999994,4.7730074376644325
random,random,random,False,12,6,6,1,0.7,54.64,5.64219815320235
random,random,avoid_walls,False,12,6,6,1,0.5,54.339999999999996,1.745393938341714
random,random,random,include_walls,12,6,6,1,0.9,54.17999999999999,6.572488113340336
random,random,random,False,12,0,12,1,0.7,53.279999999999994,3.490214893097557
random,random,avoid_walls,exclude_walls,12,6,6,1,0.9,52.94000000000001,7.750251608818903
random,random,random,include_walls,12,6,6,1,0.7,52.6,5.2850733202104205
random,random,random,exclude_walls,12,6,6,1,0.9,52.24000000000001,3.96313007608885
random,random,avoid_walls,include_walls,12,6,6,1,0.5,52.17999999999999,3.197123707334455
random,random,random,exclude_walls,12,6,6,1,0.5,52.02,1.9630588376307019
random,random,random,False,12,6,6,1,0.9,51.339999999999996,1.9642810389554737
random,random,random,False,12,6,6,1,0.5,51.2,3.609432088293116
random,random,avoid_walls,False,12,6,6,1,0.9,51.08,4.274295263549303
random,random,avoid_walls,False,12,0,12,1,0.9,51.0,3.481379037105841
random,random,random,exclude_walls,12,0,12,1,0.7,50.84,1.3573503600765715
random,random,random,include_walls,12,0,12,1,0.5,50.72,4.661501903893206
random,random,random,include_walls,12,0,12,1,0.7,50.67999999999999,5.2300669211779685
random,random,random,False,12,0,12,1,0.9,50.660000000000004,9.228347631076758
random,random,avoid_walls,include_walls,12,0,12,1,0.9,50.3,5.073066134006141
random,random,random,exclude_walls,12,0,12,1,0.5,50.24000000000001,2.417105707245753
random,random,avoid_walls,False,12,0,12,1,0.7,50.2,1.8099723754798038
random,random,avoid_walls,exclude_walls,12,0,12,1,0.9,50.08,3.0733694864106393
random,random,avoid_walls,exclude_walls,12,0,12,1,0.5,49.84000000000001,2.4319539469323828
random,random,avoid_walls,include_walls,12,6,6,1,0.9,49.800000000000004,5.743518085633579
random,random,avoid_walls,exclude_walls,12,0,12,1,0.7,49.8,3.954743986657037
random,random,random,include_walls,12,0,12,1,0.9,49.3,5.1606201177765465
random,random,avoid_walls,exclude_walls,12,6,6,1,0.99,49.160000000000004,4.081960313378854
random,random,avoid_walls,False,12,0,12,1,0.99,48.4,5.463698381133424
random,random,avoid_walls,False,12,0,12,1,0.5,48.28,4.206376112522511
random,random,avoid_walls,include_walls,12,0,12,1,0.7,48.28,4.025617964983762
random,random,random,exclude_walls,12,6,6,1,0.7,47.6,3.6138621999185294
random,random,avoid_walls,include_walls,12,0,12,1,0.5,47.16,2.6409089344390484
random,random,random,False,12,0,12,1,0.5,46.839999999999996,4.372459262245902
random,random,random,exclude_walls,12,6,6,1,0.99,45.68,7.871315010847932
random,random,avoid_walls,include_walls,12,6,6,1,0.99,44.620000000000005,9.519117606164976
random,random,random,False,12,6,6,1,0.99,44.199999999999996,7.190271204899019
random,random,avoid_walls,include_walls,12,0,12,1,0.99,43.92,5.295054296227756
random,random,avoid_walls,exclude_walls,12,0,12,1,0.99,43.56,14.327121134407985
random,random,random,exclude_walls,12,0,12,1,0.99,42.44,6.021826965298822
random,random,random,include_walls,12,6,6,1,0.99,42.22,5.28068177416515
random,random,random,False,12,0,12,1,0.99,41.67999999999999,5.73982578132821
random,random,random,False,12,12,0,1,1.0,41.02,5.517028185536122
random,random,avoid_walls,False,12,12,0,1,1.0,40.86,4.147577606266096
random,random,random,include_walls,12,0,12,1,0.99,29.839999999999996,3.455198981245509
semantic,semantic,avoid_walls,exclude_walls,24,0,24,1,0.9,231.62000000000003,14.937924889354617
semantic,semantic,avoid_walls,False,24,0,24,1,0.7,226.16,12.962191172791732
semantic,semantic,avoid_walls,include_walls,24,0,24,1,0.5,224.85999999999999,16.696538563426856
semantic,semantic,avoid_walls,exclude_walls,24,0,24,1,0.7,224.35999999999999,7.8226849610603555
semantic,semantic,avoid_walls,include_walls,24,0,24,1,0.7,219.88000000000002,7.697376176334372
semantic,semantic,avoid_walls,False,24,0,24,1,0.9,215.84,9.895776877031942
semantic,semantic,avoid_walls,include_walls,24,0,24,1,0.9,214.44,6.923178460793861
semantic,semantic,avoid_walls,exclude_walls,24,0,24,1,0.5,212.74,5.022588973826148
semantic,semantic,avoid_walls,False,24,0,24,1,0.99,212.66000000000003,14.893300507275079
semantic,semantic,avoid_walls,False,24,0,24,1,0.5,208.9,7.6623756107358725
semantic,semantic,random,False,24,0,24,1,0.9,205.86000000000004,13.587140979617454
semantic,semantic,random,include_walls,24,0,24,1,0.9,205.6,8.333786654336675
semantic,semantic,random,exclude_walls,24,0,24,1,0.7,203.26,18.895777306054384
semantic,semantic,random,False,24,0,24,1,0.7,200.38,15.72061067516144
semantic,semantic,random,exclude_walls,24,0,24,1,0.9,198.18,17.856920227183636
semantic,semantic,random,exclude_walls,24,0,24,1,0.5,192.98,11.518229030541105
semantic,semantic,random,include_walls,24,0,24,1,0.7,192.48,4.254597513279014
semantic,semantic,random,include_walls,24,0,24,1,0.5,189.85999999999999,7.723367141344502
semantic,semantic,random,False,24,0,24,1,0.5,189.6,14.50944519959326
episodic,episodic,avoid_walls,False,24,24,0,1,1.0,187.94,5.43897049081901
random,episodic_semantic,random,False,24,0,24,1,0.5,185.6,15.253589741434634
semantic,semantic,avoid_walls,exclude_walls,24,0,24,1,0.99,182.54000000000002,10.763010731203424
random,episodic_semantic,avoid_walls,False,24,0,24,1,0.9,178.2,9.750487167316304
random,episodic_semantic,avoid_walls,exclude_walls,24,0,24,1,0.9,177.68,9.55455912117351
semantic,semantic,random,include_walls,24,0,24,1,0.99,176.84,19.87356032521601
random,episodic_semantic,avoid_walls,include_walls,24,0,24,1,0.9,176.14000000000001,9.332438052299086
semantic,semantic,random,False,24,0,24,1,0.99,173.5,17.98021134469781
random,episodic_semantic,random,False,24,0,24,1,0.9,172.62,15.5221647974759
semantic,semantic,random,exclude_walls,24,0,24,1,0.99,172.0,18.95404969920677
random,episodic_semantic,avoid_walls,include_walls,24,0,24,1,0.5,169.82,6.638493805073562
semantic,semantic,avoid_walls,include_walls,24,0,24,1,0.99,169.26,10.029675966849576
random,episodic_semantic,random,False,24,0,24,1,0.7,167.78000000000003,12.04996265554379
random,episodic_semantic,avoid_walls,False,24,0,24,1,0.7,167.14,17.388916009918496
random,episodic_semantic,avoid_walls,include_walls,24,0,24,1,0.7,166.82,12.02188005263736
random,episodic_semantic,random,exclude_walls,24,0,24,1,0.9,166.58,20.076394098542703
random,episodic_semantic,random,include_walls,24,0,24,1,0.9,164.00000000000003,14.500758600845682
random,episodic_semantic,random,exclude_walls,24,0,24,1,0.7,163.9,12.151213931126383
random,episodic_semantic,avoid_walls,False,24,0,24,1,0.99,162.92000000000002,15.114946245355958
random,episodic_semantic,random,False,24,0,24,1,0.99,160.86,28.302480456666697
random,episodic_semantic,avoid_walls,exclude_walls,24,12,12,1,0.9,160.64000000000001,13.162461775822939
random,episodic_semantic,avoid_walls,include_walls,24,12,12,1,0.7,160.06,9.687641611868186
random,episodic_semantic,random,include_walls,24,0,24,1,0.5,158.64000000000001,10.56287839558896
random,episodic_semantic,avoid_walls,include_walls,24,12,12,1,0.9,158.48,6.172973351635334
random,episodic_semantic,avoid_walls,False,24,12,12,1,0.9,157.45999999999998,10.721865509322535
random,episodic_semantic,random,include_walls,24,0,24,1,0.7,157.12,20.206078293424483
random,episodic_semantic,avoid_walls,False,24,0,24,1,0.5,156.76,11.061030693384776
random,episodic_semantic,avoid_walls,exclude_walls,24,12,12,1,0.7,156.72,6.021096245701438
random,episodic_semantic,random,exclude_walls,24,0,24,1,0.5,153.8,10.722126654726669
random,episodic_semantic,avoid_walls,False,24,12,12,1,0.5,153.48000000000002,9.345458790236032
random,episodic_semantic,avoid_walls,include_walls,24,12,12,1,0.5,153.4,11.692390687964544
random,episodic_semantic,random,exclude_walls,24,12,12,1,0.5,153.14,14.349299634476933
random,episodic_semantic,avoid_walls,exclude_walls,24,0,24,1,0.7,151.78000000000003,17.551797628733077
random,episodic_semantic,avoid_walls,exclude_walls,24,12,12,1,0.5,151.18,3.2652105598261185
random,episodic_semantic,avoid_walls,exclude_walls,24,0,24,1,0.99,151.07999999999998,11.990062551963605
random,episodic_semantic,avoid_walls,exclude_walls,24,12,12,1,0.99,149.66,22.741380784816037
random,episodic_semantic,avoid_walls,exclude_walls,24,0,24,1,0.5,148.52,12.713834983984968
random,episodic_semantic,random,False,24,12,12,1,0.99,148.1,18.295573235075203
random,episodic_semantic,avoid_walls,False,24,12,12,1,0.99,147.45999999999998,13.850429596225528
random,episodic_semantic,avoid_walls,include_walls,24,12,12,1,0.99,146.78,24.449572593401296
random,episodic_semantic,random,exclude_walls,24,0,24,1,0.99,145.35999999999999,17.210299242023655
random,episodic_semantic,random,False,24,12,12,1,0.7,144.42000000000002,10.326935653910114
random,episodic_semantic,random,False,24,12,12,1,0.5,144.12,7.7025709993482065
random,episodic_semantic,random,include_walls,24,0,24,1,0.99,141.84,15.333440579335088
random,episodic_semantic,random,include_walls,24,12,12,1,0.7,140.92,8.06359721216282
random,episodic_semantic,random,include_walls,24,12,12,1,0.99,140.1,11.39034679015525
random,episodic_semantic,random,exclude_walls,24,12,12,1,0.9,139.54,10.556628249588032
random,episodic_semantic,random,include_walls,24,12,12,1,0.5,139.2,6.241794613730894
random,episodic_semantic,avoid_walls,False,24,12,12,1,0.7,137.68,22.21642635528946
random,episodic_semantic,random,include_walls,24,12,12,1,0.9,136.4,8.276231026258271
random,episodic_semantic,avoid_walls,include_walls,24,0,24,1,0.99,135.95999999999998,17.397080214794663
random,episodic_semantic,random,exclude_walls,24,12,12,1,0.99,134.94,11.828372669137545
random,episodic_semantic,random,exclude_walls,24,12,12,1,0.7,133.82,4.169124608356052
random,episodic_semantic,random,False,24,12,12,1,0.9,128.61999999999998,6.2668652450806706
random,episodic_semantic,avoid_walls,False,24,24,0,1,1.0,124.72,17.071660727650375
episodic,episodic,random,False,24,24,0,1,1.0,119.2,6.547671341782512
random,episodic_semantic,random,False,24,24,0,1,1.0,117.63999999999999,4.905751726290274
random,random,avoid_walls,exclude_walls,24,12,12,1,0.9,98.0,6.2947597253588645
random,random,avoid_walls,False,24,12,12,1,0.9,96.74000000000001,6.609266222509123
random,random,avoid_walls,include_walls,24,12,12,1,0.9,96.5,7.187210863749582
random,random,avoid_walls,False,24,12,12,1,0.7,95.18,5.526807396680295
random,random,avoid_walls,False,24,12,12,1,0.5,95.04,4.314440867598025
random,random,avoid_walls,exclude_walls,24,12,12,1,0.5,93.83999999999999,3.0877823757512464
random,random,avoid_walls,exclude_walls,24,12,12,1,0.7,93.54,3.9540359128364018
random,random,avoid_walls,include_walls,24,12,12,1,0.7,93.14,8.878873802459406
random,random,avoid_walls,include_walls,24,12,12,1,0.5,93.13999999999999,7.77832886936519
random,random,avoid_walls,exclude_walls,24,0,24,1,0.9,91.06,5.369767220280597
random,random,random,include_walls,24,12,12,1,0.7,90.16,2.397164992235619
random,random,random,include_walls,24,12,12,1,0.9,89.12,6.889237983986329
random,random,avoid_walls,False,24,12,12,1,0.99,88.96000000000001,10.843910733679063
random,random,random,False,24,12,12,1,0.7,88.67999999999999,5.532232822287939
random,random,random,exclude_walls,24,12,12,1,0.9,88.34,6.281592154860103
random,random,avoid_walls,False,24,0,24,1,0.9,87.94,11.661663689199756
random,random,random,False,24,0,24,1,0.99,86.68,7.511431288376401
random,random,random,False,24,0,24,1,0.5,86.61999999999999,5.848555377185033
random,random,random,False,24,12,12,1,0.9,86.60000000000001,4.728636167014757
random,random,avoid_walls,False,24,0,24,1,0.7,86.12,11.763400868796408
random,random,avoid_walls,include_walls,24,0,24,1,0.9,85.84,6.928376433191258
random,random,random,exclude_walls,24,12,12,1,0.7,85.32,2.963376452629669
random,random,random,exclude_walls,24,12,12,1,0.5,85.04,4.960483847368118
random,random,random,False,24,0,24,1,0.9,83.08,4.246127647633783
random,random,avoid_walls,False,24,0,24,1,0.99,82.58000000000001,8.37935558381431
random,random,random,exclude_walls,24,0,24,1,0.9,82.38,11.295910764520052
random,random,random,include_walls,24,12,12,1,0.5,82.23999999999998,5.141439487147544
random,random,avoid_walls,include_walls,24,12,12,1,0.99,82.03999999999999,8.326247654255788
random,random,avoid_walls,exclude_walls,24,0,24,1,0.99,81.5,13.348557974552907
random,random,avoid_walls,include_walls,24,0,24,1,0.7,81.35999999999999,4.373373983550916
random,random,random,exclude_walls,24,12,12,1,0.99,80.9,6.7876358181623155
random,random,random,False,24,12,12,1,0.5,80.84,7.320819626244047
random,random,avoid_walls,exclude_walls,24,0,24,1,0.7,80.72,10.10334598041659
random,random,random,include_walls,24,0,24,1,0.7,80.58,11.61729744820197
random,random,random,exclude_walls,24,0,24,1,0.5,80.04,5.268244489391129
random,random,random,False,24,0,24,1,0.7,79.38,4.915851909893138
random,random,avoid_walls,exclude_walls,24,12,12,1,0.99,79.16000000000001,9.778057066718317
random,random,random,include_walls,24,0,24,1,0.5,78.47999999999999,3.4289356949350904
random,random,random,False,24,12,12,1,0.99,78.08000000000001,5.865969655564199
random,random,random,exclude_walls,24,0,24,1,0.7,77.34,3.265333061113368
random,random,avoid_walls,include_walls,24,0,24,1,0.5,76.44,4.80566332570229
random,random,random,exclude_walls,24,0,24,1,0.99,76.04,8.720688046249562
random,random,avoid_walls,include_walls,24,0,24,1,0.99,75.24,6.3854835368983585
random,random,avoid_walls,False,24,0,24,1,0.5,74.5,7.2213572131559856
random,random,avoid_walls,exclude_walls,24,0,24,1,0.5,73.53999999999999,6.894229471086673
random,random,random,include_walls,24,0,24,1,0.9,71.88,8.125613822967468
random,random,avoid_walls,False,24,24,0,1,1.0,69.8,5.022350047537506
random,random,random,include_walls,24,0,24,1,0.99,69.55999999999999,8.12295512729204
random,random,random,include_walls,24,12,12,1,0.99,68.58,13.205665450858584
random,random,random,False,24,24,0,1,1.0,58.9,2.46819772303598
semantic,semantic,avoid_walls,False,48,0,48,1,0.9,380.65999999999997,17.356105553954208
semantic,semantic,avoid_walls,False,48,0,48,1,0.7,378.26,20.273786030241126
semantic,semantic,avoid_walls,exclude_walls,48,0,48,1,0.9,365.98,19.954889125224412
semantic,semantic,avoid_walls,False,48,0,48,1,0.99,362.32,6.374135235465267
semantic,semantic,avoid_walls,include_walls,48,0,48,1,0.9,360.6,15.304770498115923
semantic,semantic,avoid_walls,False,48,0,48,1,0.5,356.2200000000001,12.372291622815888
semantic,semantic,avoid_walls,exclude_walls,48,0,48,1,0.7,354.58000000000004,15.175954665193215
semantic,semantic,avoid_walls,include_walls,48,0,48,1,0.7,341.0199999999999,12.816302118786048
semantic,semantic,avoid_walls,exclude_walls,48,0,48,1,0.5,338.8,12.924550282311554
semantic,semantic,avoid_walls,include_walls,48,0,48,1,0.5,338.22,13.299984962397504
semantic,semantic,random,False,48,0,48,1,0.9,320.78,6.574313652389886
semantic,semantic,avoid_walls,exclude_walls,48,0,48,1,0.99,306.36,22.53748876871602
semantic,semantic,random,False,48,0,48,1,0.99,302.82000000000005,17.942062311785666
semantic,semantic,avoid_walls,include_walls,48,0,48,1,0.99,299.06,16.921300186451393
semantic,semantic,random,False,48,0,48,1,0.7,288.62,20.580903770242934
semantic,semantic,random,exclude_walls,48,0,48,1,0.9,288.18,11.632093534699601
semantic,semantic,random,False,48,0,48,1,0.5,285.68,10.367912036663892
semantic,semantic,random,exclude_walls,48,0,48,1,0.5,285.64,20.636918374602345
semantic,semantic,random,include_walls,48,0,48,1,0.9,281.92,22.2794434400862
semantic,semantic,random,include_walls,48,0,48,1,0.99,275.32,19.234593835067074
random,episodic_semantic,avoid_walls,False,48,0,48,1,0.99,270.3,22.30201784592597
semantic,semantic,random,exclude_walls,48,0,48,1,0.7,266.9,23.781925910236954
semantic,semantic,random,include_walls,48,0,48,1,0.7,265.28000000000003,23.837483088614878
random,episodic_semantic,random,False,48,0,48,1,0.7,265.21999999999997,16.94596117073327
random,episodic_semantic,avoid_walls,exclude_walls,48,0,48,1,0.9,265.2,15.852696931437244
semantic,semantic,random,include_walls,48,0,48,1,0.5,264.24,19.6296306638714
random,episodic_semantic,avoid_walls,exclude_walls,48,24,24,1,0.5,261.98,10.847377563263844
random,episodic_semantic,avoid_walls,False,48,0,48,1,0.9,260.93999999999994,21.470966443083086
random,episodic_semantic,random,False,48,0,48,1,0.9,258.08000000000004,30.20486053601307
semantic,semantic,random,exclude_walls,48,0,48,1,0.99,257.96,17.141831874102607
random,episodic_semantic,avoid_walls,False,48,24,24,1,0.9,257.91999999999996,13.380941670898949
random,episodic_semantic,avoid_walls,False,48,0,48,1,0.5,256.26,30.561452845046485
random,episodic_semantic,avoid_walls,False,48,24,24,1,0.5,254.82000000000002,11.220588219875111
random,episodic_semantic,avoid_walls,exclude_walls,48,24,24,1,0.99,254.45999999999998,15.988570918002656
random,episodic_semantic,avoid_walls,include_walls,48,0,48,1,0.9,253.82,15.613122685740988
episodic,episodic,avoid_walls,False,48,48,0,1,1.0,253.7,13.389100044439138
random,episodic_semantic,random,False,48,0,48,1,0.99,251.9,22.658773135366353
random,episodic_semantic,random,False,48,0,48,1,0.5,251.44,13.13904106089939
random,episodic_semantic,avoid_walls,False,48,24,24,1,0.99,250.76000000000005,14.26556693580736
random,episodic_semantic,avoid_walls,False,48,24,24,1,0.7,250.56,14.602684684673571
random,episodic_semantic,avoid_walls,include_walls,48,24,24,1,0.9,248.86000000000004,11.480522636186915
random,episodic_semantic,avoid_walls,include_walls,48,24,24,1,0.5,247.85999999999999,16.850115726605562
random,episodic_semantic,avoid_walls,include_walls,48,24,24,1,0.7,245.52000000000004,21.980846207550794
random,episodic_semantic,avoid_walls,False,48,0,48,1,0.7,241.77999999999997,6.647525855534525
random,episodic_semantic,avoid_walls,exclude_walls,48,0,48,1,0.7,241.23999999999995,17.97482684200323
random,episodic_semantic,avoid_walls,exclude_walls,48,24,24,1,0.9,235.06,7.301123201261572
random,episodic_semantic,random,exclude_walls,48,0,48,1,0.99,231.06,10.79807390232165
random,episodic_semantic,avoid_walls,include_walls,48,24,24,1,0.99,230.76,18.60511757554894
random,episodic_semantic,avoid_walls,include_walls,48,0,48,1,0.7,230.14000000000001,13.86024530807446
random,episodic_semantic,avoid_walls,exclude_walls,48,0,48,1,0.5,230.1,26.074431920945088
random,episodic_semantic,random,include_walls,48,0,48,1,0.9,224.16,10.992470150061816
random,episodic_semantic,random,exclude_walls,48,24,24,1,0.7,223.61999999999998,8.5466718668731
random,episodic_semantic,avoid_walls,include_walls,48,0,48,1,0.99,223.58,8.840000000000002
random,episodic_semantic,avoid_walls,exclude_walls,48,24,24,1,0.7,222.9,24.64994929000869
random,episodic_semantic,random,exclude_walls,48,0,48,1,0.9,222.7,18.218232625586932
random,episodic_semantic,avoid_walls,exclude_walls,48,0,48,1,0.99,222.2,14.252578714043297
random,episodic_semantic,random,include_walls,48,0,48,1,0.5,221.2,15.601153803485172
random,episodic_semantic,random,exclude_walls,48,0,48,1,0.7,219.92,18.573249581050693
random,episodic_semantic,random,False,48,24,24,1,0.99,215.26,13.227032925036516
random,episodic_semantic,random,False,48,24,24,1,0.9,213.82,2.5825568725586705
random,episodic_semantic,random,include_walls,48,24,24,1,0.7,213.14000000000001,15.241863403140707
random,episodic_semantic,avoid_walls,include_walls,48,0,48,1,0.5,212.68,14.470024187954907
random,episodic_semantic,random,exclude_walls,48,24,24,1,0.99,211.58,17.0537268654098
random,episodic_semantic,random,include_walls,48,24,24,1,0.9,211.51999999999998,22.59003320050681
random,episodic_semantic,random,exclude_walls,48,24,24,1,0.5,210.2,20.061306039238826
random,episodic_semantic,random,exclude_walls,48,0,48,1,0.5,208.21999999999997,14.807484593947756
random,episodic_semantic,random,include_walls,48,0,48,1,0.99,207.07999999999998,16.389557651138734
random,episodic_semantic,random,exclude_walls,48,24,24,1,0.9,206.14000000000001,8.069845103841827
random,episodic_semantic,random,False,48,24,24,1,0.7,204.94,12.611835710950247
random,episodic_semantic,random,include_walls,48,0,48,1,0.7,203.64000000000001,17.357373073135232
random,episodic_semantic,random,False,48,24,24,1,0.5,201.48000000000002,10.074204683249192
random,episodic_semantic,random,include_walls,48,24,24,1,0.5,198.71999999999997,17.39556265258471
random,episodic_semantic,avoid_walls,False,48,48,0,1,1.0,195.94,9.591162598976203
random,episodic_semantic,random,include_walls,48,24,24,1,0.99,189.56,15.260615977082967
random,random,avoid_walls,False,48,24,24,1,0.99,166.62,16.83596151100376
episodic,episodic,random,False,48,48,0,1,1.0,161.85999999999999,6.876801582131045
random,episodic_semantic,random,False,48,48,0,1,1.0,161.74,14.109939758907547
random,random,avoid_walls,exclude_walls,48,24,24,1,0.5,161.3,10.899724767167289
random,random,avoid_walls,False,48,24,24,1,0.9,158.26,6.1675278677927325
random,random,avoid_walls,False,48,24,24,1,0.7,155.14000000000001,8.272750449517979
random,random,avoid_walls,include_walls,48,24,24,1,0.9,154.76000000000002,13.946841936438515
random,random,avoid_walls,False,48,24,24,1,0.5,154.52,8.445448478322511
random,random,avoid_walls,include_walls,48,24,24,1,0.5,154.34,5.381300957946873
random,random,avoid_walls,exclude_walls,48,24,24,1,0.7,153.34,5.5102087074810555
random,random,random,False,48,24,24,1,0.5,152.2,4.343731115066862
random,random,avoid_walls,exclude_walls,48,24,24,1,0.9,150.74,8.517652258691948
random,random,avoid_walls,include_walls,48,24,24,1,0.7,148.5,14.781339587466356
random,random,random,False,48,24,24,1,0.7,146.6,10.126598639227286
random,random,avoid_walls,exclude_walls,48,24,24,1,0.99,146.14000000000001,8.039800992561945
random,random,avoid_walls,exclude_walls,48,0,48,1,0.9,145.44,12.08463487243202
random,random,random,False,48,24,24,1,0.9,145.06,9.448301434649512
random,random,random,False,48,24,24,1,0.99,144.8,13.793766708191058
random,random,random,include_walls,48,24,24,1,0.5,143.24,10.672694130349658
random,random,random,exclude_walls,48,24,24,1,0.7,140.16,11.202963893541748
random,random,random,include_walls,48,24,24,1,0.7,139.95999999999998,7.476790755397665
random,random,random,exclude_walls,48,24,24,1,0.5,139.02,1.961020142680846
random,random,random,exclude_walls,48,24,24,1,0.9,138.9,12.767615282424513
random,random,random,include_walls,48,24,24,1,0.9,136.78000000000003,14.292151692449956
random,random,avoid_walls,include_walls,48,24,24,1,0.99,136.68,10.853091725402486
random,random,random,exclude_walls,48,24,24,1,0.99,132.66,10.290306117895621
random,random,random,False,48,0,48,1,0.7,129.92000000000002,9.740513333495313
random,random,random,False,48,0,48,1,0.9,128.32,8.695378082636774
random,random,random,False,48,0,48,1,0.99,128.32,4.452145550181393
random,random,avoid_walls,False,48,0,48,1,0.9,127.78,11.957324115369621
random,random,random,include_walls,48,24,24,1,0.99,126.2,14.485717103409142
random,random,avoid_walls,include_walls,48,0,48,1,0.9,126.05999999999999,12.638765762526019
random,random,avoid_walls,include_walls,48,0,48,1,0.7,124.92,10.300951412369631
random,random,avoid_walls,False,48,0,48,1,0.5,124.1,6.533299319639347
random,random,random,False,48,0,48,1,0.5,122.82000000000001,7.335775350976882
random,random,avoid_walls,False,48,0,48,1,0.99,120.92,7.7679855818609695
random,random,random,exclude_walls,48,0,48,1,0.5,117.92,8.028299944571078
random,random,avoid_walls,False,48,0,48,1,0.7,115.96000000000001,9.0158970712847
random,random,random,exclude_walls,48,0,48,1,0.9,115.3,5.223025942880239
random,random,avoid_walls,include_walls,48,0,48,1,0.5,114.85999999999999,10.995017053192782
random,random,random,include_walls,48,0,48,1,0.7,114.22,12.877173602930114
random,random,random,exclude_walls,48,0,48,1,0.99,112.55999999999999,8.779202697284074
random,random,avoid_walls,exclude_walls,48,0,48,1,0.5,112.53999999999999,6.412674948880539
random,random,random,exclude_walls,48,0,48,1,0.7,111.14000000000001,12.943971569808085
random,random,random,include_walls,48,0,48,1,0.9,109.74000000000001,13.450442371907327
random,random,avoid_walls,exclude_walls,48,0,48,1,0.99,108.63999999999999,7.085082921180247
random,random,random,include_walls,48,0,48,1,0.5,108.06000000000002,13.377383899701762
random,random,avoid_walls,include_walls,48,0,48,1,0.99,107.62,9.710901091041967
random,random,avoid_walls,exclude_walls,48,0,48,1,0.7,107.22,10.982422319324638
random,random,random,include_walls,48,0,48,1,0.99,105.05999999999999,14.8039994596055
random,random,avoid_walls,False,48,48,0,1,1.0,99.58,5.2768930252564346
random,random,random,False,48,48,0,1,1.0,94.47999999999999,3.426018096858218
semantic,semantic,avoid_walls,exclude_walls,96,0,96,1,0.7,492.16,34.944619042135805
semantic,semantic,avoid_walls,include_walls,96,0,96,1,0.7,487.96000000000004,30.4958751309091
semantic,semantic,avoid_walls,False,96,0,96,1,0.5,487.7799999999999,9.318240177200845
semantic,semantic,avoid_walls,False,96,0,96,1,0.7,485.86,18.226530114094672
semantic,semantic,avoid_walls,include_walls,96,0,96,1,0.5,477.02,29.31295959127977
semantic,semantic,avoid_walls,exclude_walls,96,0,96,1,0.9,468.82,25.680451709422865
semantic,semantic,avoid_walls,False,96,0,96,1,0.99,466.12,27.643545358727064
semantic,semantic,avoid_walls,False,96,0,96,1,0.9,462.52,10.245076866475916
semantic,semantic,avoid_walls,exclude_walls,96,0,96,1,0.5,456.98,12.814741511244003
semantic,semantic,avoid_walls,include_walls,96,0,96,1,0.9,452.2200000000001,20.944536280376322
semantic,semantic,avoid_walls,exclude_walls,96,0,96,1,0.99,445.02,19.646821625901733
semantic,semantic,avoid_walls,include_walls,96,0,96,1,0.99,406.74,43.7547528846867
episodic,episodic,avoid_walls,False,96,96,0,1,1.0,357.09999999999997,20.63017207877821
random,episodic_semantic,avoid_walls,False,96,48,48,1,0.5,356.86,17.48995140073293
random,episodic_semantic,avoid_walls,False,96,48,48,1,0.7,351.72,15.252724346817526
semantic,semantic,random,exclude_walls,96,0,96,1,0.99,346.02,20.6771758226311
semantic,semantic,random,include_walls,96,0,96,1,0.9,344.7,34.37557272250165
random,episodic_semantic,avoid_walls,False,96,48,48,1,0.99,343.52,17.561025027030734
random,episodic_semantic,avoid_walls,exclude_walls,96,48,48,1,0.7,343.34,12.477275343599645
random,episodic_semantic,avoid_walls,False,96,48,48,1,0.9,342.08000000000004,16.22558473522603
random,episodic_semantic,avoid_walls,include_walls,96,48,48,1,0.5,340.8,14.216469322584985
semantic,semantic,random,False,96,0,96,1,0.5,340.53999999999996,14.741587431481053
semantic,semantic,random,False,96,0,96,1,0.9,339.86,20.083386168671865
semantic,semantic,random,exclude_walls,96,0,96,1,0.9,339.4,25.237036276076484
semantic,semantic,random,include_walls,96,0,96,1,0.99,339.0,33.625050185836166
semantic,semantic,random,False,96,0,96,1,0.7,337.6,17.820998849671692
random,episodic_semantic,avoid_walls,exclude_walls,96,48,48,1,0.5,336.84,28.737752173752202
random,episodic_semantic,avoid_walls,exclude_walls,96,48,48,1,0.9,336.14,30.525373052593483
semantic,semantic,random,exclude_walls,96,0,96,1,0.7,335.36,24.302641831702168
semantic,semantic,random,False,96,0,96,1,0.99,335.22,20.92600296282115
semantic,semantic,random,include_walls,96,0,96,1,0.5,334.62,17.83293582111481
semantic,semantic,random,exclude_walls,96,0,96,1,0.5,334.17999999999995,22.98698762343601
semantic,semantic,random,include_walls,96,0,96,1,0.7,331.32,24.148821917435217
random,episodic_semantic,avoid_walls,include_walls,96,48,48,1,0.9,330.23999999999995,12.453690216156817
random,episodic_semantic,avoid_walls,include_walls,96,48,48,1,0.99,320.56000000000006,18.857104761866275
random,episodic_semantic,avoid_walls,exclude_walls,96,48,48,1,0.99,319.32000000000005,8.157548651402578
random,episodic_semantic,avoid_walls,exclude_walls,96,0,96,1,0.9,316.88,22.850155360522166
random,episodic_semantic,avoid_walls,include_walls,96,0,96,1,0.9,314.22,18.291134464543205
random,episodic_semantic,random,False,96,48,48,1,0.9,312.58000000000004,13.0165125897838
random,episodic_semantic,avoid_walls,False,96,0,96,1,0.9,310.0,27.85426358746538
random,episodic_semantic,avoid_walls,include_walls,96,48,48,1,0.7,309.82,38.93103646192842
random,episodic_semantic,avoid_walls,include_walls,96,0,96,1,0.7,296.21999999999997,20.07061533685502
random,episodic_semantic,avoid_walls,exclude_walls,96,0,96,1,0.99,295.50000000000006,25.822858091233808
random,episodic_semantic,random,exclude_walls,96,48,48,1,0.5,295.0,20.295615290007824
random,episodic_semantic,random,False,96,48,48,1,0.5,293.52,11.087001398033648
random,episodic_semantic,avoid_walls,include_walls,96,0,96,1,0.99,293.3,29.166076184499005
random,episodic_semantic,random,include_walls,96,48,48,1,0.99,292.14000000000004,21.3611422915536
random,episodic_semantic,random,exclude_walls,96,48,48,1,0.99,290.28000000000003,25.108596137578076
random,episodic_semantic,random,False,96,48,48,1,0.99,288.14,24.03385944870278
random,episodic_semantic,avoid_walls,False,96,0,96,1,0.7,286.34000000000003,22.082626655359636
random,episodic_semantic,avoid_walls,False,96,0,96,1,0.99,286.14,24.43887067767249
random,episodic_semantic,random,exclude_walls,96,48,48,1,0.9,285.2,35.870489263460016
random,episodic_semantic,random,False,96,48,48,1,0.7,284.68,16.317156615047857
random,episodic_semantic,avoid_walls,exclude_walls,96,0,96,1,0.7,282.48,15.228841058990662
random,episodic_semantic,random,exclude_walls,96,48,48,1,0.7,278.96,18.54223287524995
random,episodic_semantic,random,include_walls,96,48,48,1,0.9,278.06,27.34180681666813
random,episodic_semantic,random,include_walls,96,48,48,1,0.7,277.93999999999994,13.523845606927052
random,episodic_semantic,avoid_walls,exclude_walls,96,0,96,1,0.5,276.9,38.54078359348704
random,episodic_semantic,random,include_walls,96,48,48,1,0.5,272.82,26.050827242143377
random,episodic_semantic,avoid_walls,False,96,0,96,1,0.5,265.8,11.632712495372687
random,episodic_semantic,avoid_walls,False,96,96,0,1,1.0,262.9,20.75687837802207
random,episodic_semantic,random,False,96,0,96,1,0.9,256.38,19.676422439051258
random,episodic_semantic,random,False,96,0,96,1,0.7,255.5,20.14884612080801
random,episodic_semantic,random,False,96,0,96,1,0.5,254.53999999999996,20.185499746104867
random,episodic_semantic,random,include_walls,96,0,96,1,0.9,254.4,21.341040274550814
random,episodic_semantic,random,exclude_walls,96,0,96,1,0.9,254.24000000000007,19.613118059095047
random,episodic_semantic,random,False,96,0,96,1,0.99,254.18,20.605572061944788
random,episodic_semantic,random,exclude_walls,96,0,96,1,0.99,253.5,19.90356751941721
random,episodic_semantic,random,include_walls,96,0,96,1,0.7,253.16,21.2859202291092
random,episodic_semantic,random,exclude_walls,96,0,96,1,0.7,252.84,19.530857636058897
random,episodic_semantic,random,include_walls,96,0,96,1,0.99,252.26,21.208734049914437
random,episodic_semantic,random,include_walls,96,0,96,1,0.5,252.24,21.302262790605127
random,episodic_semantic,random,exclude_walls,96,0,96,1,0.5,251.83999999999997,19.51590120901415
random,random,avoid_walls,include_walls,96,48,48,1,0.5,244.11999999999998,10.945391724374232
random,random,avoid_walls,exclude_walls,96,48,48,1,0.9,243.16000000000003,20.4833200433914
random,episodic_semantic,random,False,96,96,0,1,1.0,242.87999999999997,32.81812913619544
random,random,avoid_walls,False,96,48,48,1,0.7,241.98000000000002,16.637115134541816
random,random,avoid_walls,False,96,48,48,1,0.5,241.88000000000002,11.262575193977632
random,episodic_semantic,avoid_walls,include_walls,96,0,96,1,0.5,241.43999999999997,19.94578652247135
random,random,avoid_walls,exclude_walls,96,48,48,1,0.99,240.62000000000003,19.362169299951905
random,random,avoid_walls,False,96,48,48,1,0.99,238.92000000000002,19.438045169203612
random,random,avoid_walls,include_walls,96,48,48,1,0.7,238.1,13.944030981032714
random,random,avoid_walls,False,96,48,48,1,0.9,236.1,16.755655761563023
random,random,avoid_walls,exclude_walls,96,48,48,1,0.5,234.2,13.500814790226555
random,random,avoid_walls,include_walls,96,48,48,1,0.99,230.68,6.466034333345283
random,random,avoid_walls,exclude_walls,96,48,48,1,0.7,229.56000000000003,10.757992377762692
random,random,avoid_walls,include_walls,96,48,48,1,0.9,223.22000000000003,18.405586108570404
episodic,episodic,random,False,96,96,0,1,1.0,222.86000000000004,15.803493284713984
random,random,random,False,96,48,48,1,0.9,220.94,20.4816600889674
random,random,random,False,96,48,48,1,0.99,216.64000000000001,14.803323951059108
random,random,random,False,96,48,48,1,0.7,208.24,9.447666378529673
random,random,random,False,96,48,48,1,0.5,205.3,18.477229229513824
random,random,random,include_walls,96,48,48,1,0.5,202.0,9.098351499035418
random,random,random,include_walls,96,48,48,1,0.7,200.98000000000002,9.884007284497521
random,random,random,exclude_walls,96,48,48,1,0.9,200.21999999999997,12.403773619346659
random,random,random,exclude_walls,96,48,48,1,0.99,199.82,14.285293136649313
random,random,random,include_walls,96,48,48,1,0.9,199.12000000000003,11.373899946808043
random,random,random,exclude_walls,96,48,48,1,0.7,198.44,18.312138051030516
random,random,random,exclude_walls,96,48,48,1,0.5,195.23999999999998,11.703093608102085
random,random,random,include_walls,96,48,48,1,0.99,192.14000000000001,25.11323157222104
random,random,avoid_walls,exclude_walls,96,0,96,1,0.9,164.14000000000001,11.188851594332641
random,random,avoid_walls,include_walls,96,0,96,1,0.9,160.88,13.770606377353175
random,random,avoid_walls,exclude_walls,96,0,96,1,0.99,145.76,29.519525741447808
random,random,avoid_walls,False,96,0,96,1,0.7,145.34,17.058792454332746
random,random,avoid_walls,False,96,0,96,1,0.9,144.88000000000002,12.51341679957956
random,random,avoid_walls,False,96,0,96,1,0.99,143.04000000000002,14.368381954834021
random,random,random,False,96,0,96,1,0.9,139.06,7.563491257349346
random,random,avoid_walls,include_walls,96,0,96,1,0.99,138.86,21.636506187460117
random,random,random,False,96,0,96,1,0.7,138.1,7.458418062833429
random,random,random,False,96,0,96,1,0.5,137.95999999999998,7.433868441128081
random,random,random,exclude_walls,96,0,96,1,0.9,137.84,8.726190463197561
random,random,random,include_walls,96,0,96,1,0.9,137.82,8.554390685490107
random,random,random,False,96,0,96,1,0.99,137.38,8.54479958805354
random,random,avoid_walls,include_walls,96,0,96,1,0.7,136.73999999999998,7.259917354901501
random,random,random,exclude_walls,96,0,96,1,0.7,136.73999999999998,9.619480235438925
random,random,random,include_walls,96,0,96,1,0.99,136.68,9.013412228451553
random,random,random,include_walls,96,0,96,1,0.7,136.64000000000001,9.433260305959971
random,random,random,exclude_walls,96,0,96,1,0.99,136.54000000000002,8.927620063600378
random,random,random,include_walls,96,0,96,1,0.5,136.24,9.768643713433304
random,random,random,exclude_walls,96,0,96,1,0.5,136.16,10.158070682959437
random,random,avoid_walls,exclude_walls,96,0,96,1,0.7,134.24,7.526911717298138
random,random,avoid_walls,include_walls,96,0,96,1,0.5,133.70000000000002,12.54400255102015
random,random,avoid_walls,exclude_walls,96,0,96,1,0.5,132.62,20.112921219952113
random,random,avoid_walls,False,96,96,0,1,1.0,128.82,12.827221055240296
random,random,avoid_walls,False,96,0,96,1,0.5,128.32,12.468103304031446
random,random,random,False,96,96,0,1,1.0,123.03999999999999,7.878730862264554
semantic,semantic,avoid_walls,False,192,0,192,1,0.7,494.86,24.52407796431906
semantic,semantic,avoid_walls,exclude_walls,192,0,192,1,0.7,486.15999999999997,8.198926759033785
semantic,semantic,avoid_walls,False,192,0,192,1,0.9,484.68,30.54297955340964
semantic,semantic,avoid_walls,exclude_walls,192,0,192,1,0.5,479.43999999999994,12.992859577475627
semantic,semantic,avoid_walls,exclude_walls,192,0,192,1,0.9,476.58000000000004,26.425396874976173
semantic,semantic,avoid_walls,include_walls,192,0,192,1,0.7,475.41999999999996,22.57382555084538
semantic,semantic,avoid_walls,include_walls,192,0,192,1,0.5,463.87999999999994,35.13695490505686
semantic,semantic,avoid_walls,False,192,0,192,1,0.5,461.28000000000003,13.75476644658134
semantic,semantic,avoid_walls,False,192,0,192,1,0.99,457.9200000000001,26.159923547288898
semantic,semantic,avoid_walls,include_walls,192,0,192,1,0.9,453.82000000000005,18.8671566485255
episodic,episodic,avoid_walls,False,192,192,0,1,1.0,448.3,8.97619072881141
semantic,semantic,avoid_walls,include_walls,192,0,192,1,0.99,444.2200000000001,34.93865481096832
semantic,semantic,avoid_walls,exclude_walls,192,0,192,1,0.99,443.36,27.04541365925098
random,episodic_semantic,avoid_walls,exclude_walls,192,96,96,1,0.5,407.9,14.61820782449066
random,episodic_semantic,avoid_walls,exclude_walls,192,96,96,1,0.99,396.2,45.87046980356753
random,episodic_semantic,avoid_walls,False,192,96,96,1,0.9,394.32,25.122054056147547
random,episodic_semantic,avoid_walls,False,192,96,96,1,0.5,394.04,23.329346326033235
random,episodic_semantic,avoid_walls,include_walls,192,96,96,1,0.5,393.48,40.57548028058324
random,episodic_semantic,avoid_walls,exclude_walls,192,96,96,1,0.9,389.47999999999996,30.28328912122988
random,episodic_semantic,avoid_walls,False,192,96,96,1,0.7,387.32,20.453791824500424
random,episodic_semantic,avoid_walls,include_walls,192,96,96,1,0.9,386.82,19.818314761856023
random,episodic_semantic,avoid_walls,exclude_walls,192,96,96,1,0.7,385.03999999999996,28.73301933316442
random,episodic_semantic,avoid_walls,False,192,96,96,1,0.99,384.88,28.440914190651462
random,episodic_semantic,avoid_walls,include_walls,192,96,96,1,0.99,381.93999999999994,45.79369388900616
random,episodic_semantic,avoid_walls,include_walls,192,96,96,1,0.7,366.67999999999995,21.22002827519323
semantic,semantic,random,False,192,0,192,1,0.9,339.88,20.056859175853038
semantic,semantic,random,exclude_walls,192,0,192,1,0.9,339.32000000000005,25.33782942558419
semantic,semantic,random,include_walls,192,0,192,1,0.9,338.26000000000005,21.6658810113967
semantic,semantic,random,False,192,0,192,1,0.7,337.6,17.820998849671692
semantic,semantic,random,exclude_walls,192,0,192,1,0.99,336.4,22.657360834836876
semantic,semantic,random,include_walls,192,0,192,1,0.99,336.2,22.311700966085034
semantic,semantic,random,exclude_walls,192,0,192,1,0.7,335.43999999999994,24.208643084650564
semantic,semantic,random,False,192,0,192,1,0.99,335.22,20.92600296282115
semantic,semantic,random,False,192,0,192,1,0.5,334.4,17.1733514492658
semantic,semantic,random,exclude_walls,192,0,192,1,0.5,334.17999999999995,22.98698762343601
semantic,semantic,random,include_walls,192,0,192,1,0.7,333.96,20.152875725315226
semantic,semantic,random,include_walls,192,0,192,1,0.5,332.30000000000007,19.04111341282331
random,episodic_semantic,avoid_walls,exclude_walls,192,0,192,1,0.9,316.88,22.850155360522166
random,episodic_semantic,avoid_walls,include_walls,192,0,192,1,0.9,314.21999999999997,18.291134464543205
random,episodic_semantic,avoid_walls,False,192,0,192,1,0.9,310.0,27.854263587465383
random,episodic_semantic,avoid_walls,False,192,192,0,1,1.0,308.18,11.325970157121189
random,random,avoid_walls,include_walls,192,96,96,1,0.9,304.16,14.920938308296835
random,random,avoid_walls,include_walls,192,96,96,1,0.7,303.36,15.805644561358456
random,random,avoid_walls,exclude_walls,192,96,96,1,0.7,298.29999999999995,16.448586565416495
random,random,avoid_walls,exclude_walls,192,96,96,1,0.99,298.14,25.63533498903417
random,episodic_semantic,avoid_walls,include_walls,192,0,192,1,0.7,296.21999999999997,20.070615336855017
random,episodic_semantic,avoid_walls,exclude_walls,192,0,192,1,0.99,295.5,25.82285809123381
random,random,avoid_walls,exclude_walls,192,96,96,1,0.9,295.05999999999995,11.05144334464959
random,random,avoid_walls,False,192,96,96,1,0.9,293.40000000000003,17.09198642639292
random,episodic_semantic,avoid_walls,include_walls,192,0,192,1,0.99,293.3,29.16607618449901
random,episodic_semantic,random,exclude_walls,192,96,96,1,0.9,291.48,13.886309804984196
random,random,avoid_walls,include_walls,192,96,96,1,0.5,291.34000000000003,26.42450377963606
random,episodic_semantic,random,exclude_walls,192,96,96,1,0.7,291.32,14.14996819784411
random,episodic_semantic,random,exclude_walls,192,96,96,1,0.5,291.26,14.259116382160565
random,random,avoid_walls,exclude_walls,192,96,96,1,0.5,291.21999999999997,12.452694487539636
random,episodic_semantic,random,exclude_walls,192,96,96,1,0.99,291.08000000000004,14.142050770662657
random,episodic_semantic,random,include_walls,192,96,96,1,0.9,291.04,13.87322601271962
random,episodic_semantic,random,include_walls,192,96,96,1,0.7,290.94,14.154236115029304
random,episodic_semantic,random,include_walls,192,96,96,1,0.99,290.94,14.070479735957834
random,episodic_semantic,random,include_walls,192,96,96,1,0.5,290.88,14.261753047925069
random,episodic_semantic,random,False,192,96,96,1,0.5,290.86,14.187120920045752
random,episodic_semantic,random,False,192,96,96,1,0.7,290.86,14.21472475991006
random,episodic_semantic,random,False,192,96,96,1,0.9,290.71999999999997,13.97088400925297
random,episodic_semantic,random,False,192,96,96,1,0.99,290.62,14.110336636664618
episodic,episodic,random,False,192,192,0,1,1.0,286.5,15.279136101232956
random,episodic_semantic,avoid_walls,False,192,0,192,1,0.7,286.34000000000003,22.08262665535964
random,episodic_semantic,avoid_walls,False,192,0,192,1,0.99,286.14000000000004,24.43887067767249
random,random,avoid_walls,False,192,96,96,1,0.99,282.78000000000003,28.819326848488323
random,random,avoid_walls,include_walls,192,96,96,1,0.99,282.64000000000004,23.252836386127175
random,episodic_semantic,avoid_walls,exclude_walls,192,0,192,1,0.7,282.47999999999996,15.228841058990662
random,random,avoid_walls,False,192,96,96,1,0.5,281.26000000000005,49.84799293853264
random,random,avoid_walls,False,192,96,96,1,0.7,279.93999999999994,21.3425959058405
random,episodic_semantic,avoid_walls,exclude_walls,192,0,192,1,0.5,276.9,38.54078359348704
random,episodic_semantic,random,False,192,192,0,1,1.0,270.8,17.065989569901877
random,episodic_semantic,avoid_walls,False,192,0,192,1,0.5,265.8,11.632712495372687
random,random,random,False,192,96,96,1,0.9,258.5,19.638228025970164
random,random,random,False,192,96,96,1,0.99,258.0,20.397058611476307
random,random,random,exclude_walls,192,96,96,1,0.99,257.72,20.838944311072957
random,random,random,False,192,96,96,1,0.7,257.71999999999997,19.927006799818187
random,random,random,include_walls,192,96,96,1,0.99,257.59999999999997,20.710963280349855
random,random,random,False,192,96,96,1,0.5,257.41999999999996,19.954488216940064
random,random,random,exclude_walls,192,96,96,1,0.9,257.0,21.480689001985017
random,random,random,include_walls,192,96,96,1,0.9,256.78000000000003,21.041901054800153
random,episodic_semantic,random,False,192,0,192,1,0.9,256.38,19.676422439051258
random,random,random,exclude_walls,192,96,96,1,0.7,256.38,21.661892807416432
random,random,random,include_walls,192,96,96,1,0.7,256.2,20.97741642814958
random,random,random,exclude_walls,192,96,96,1,0.5,256.02,21.766340987864723
random,random,random,include_walls,192,96,96,1,0.5,255.73999999999995,20.85920420342061
random,episodic_semantic,random,False,192,0,192,1,0.7,255.5,20.14884612080801
random,episodic_semantic,random,False,192,0,192,1,0.5,254.54000000000002,20.185499746104867
random,episodic_semantic,random,include_walls,192,0,192,1,0.9,254.4,21.341040274550814
random,episodic_semantic,random,exclude_walls,192,0,192,1,0.9,254.24,19.613118059095047
random,episodic_semantic,random,False,192,0,192,1,0.99,254.18,20.60557206194479
random,episodic_semantic,random,exclude_walls,192,0,192,1,0.99,253.5,19.90356751941721
random,episodic_semantic,random,include_walls,192,0,192,1,0.7,253.16,21.2859202291092
random,episodic_semantic,random,exclude_walls,192,0,192,1,0.7,252.84,19.530857636058897
random,episodic_semantic,random,include_walls,192,0,192,1,0.99,252.26000000000005,21.208734049914437
random,episodic_semantic,random,include_walls,192,0,192,1,0.5,252.24,21.302262790605127
random,episodic_semantic,random,exclude_walls,192,0,192,1,0.5,251.83999999999997,19.51590120901415
random,episodic_semantic,avoid_walls,include_walls,192,0,192,1,0.5,241.43999999999997,19.94578652247135
random,random,avoid_walls,exclude_walls,192,0,192,1,0.9,164.14,11.188851594332641
random,random,avoid_walls,include_walls,192,0,192,1,0.9,160.88000000000002,13.770606377353173
random,random,avoid_walls,False,192,192,0,1,1.0,152.58,12.9408500493592
random,random,avoid_walls,exclude_walls,192,0,192,1,0.99,145.76,29.519525741447808
random,random,avoid_walls,False,192,0,192,1,0.7,145.34,17.058792454332746
random,random,avoid_walls,False,192,0,192,1,0.9,144.88000000000002,12.513416799579558
random,random,avoid_walls,False,192,0,192,1,0.99,143.04,14.368381954834021
random,random,random,False,192,0,192,1,0.9,139.06,7.563491257349346
random,random,avoid_walls,include_walls,192,0,192,1,0.99,138.85999999999999,21.636506187460117
random,random,random,False,192,0,192,1,0.7,138.1,7.458418062833429
random,random,random,False,192,0,192,1,0.5,137.95999999999998,7.433868441128081
random,random,random,exclude_walls,192,0,192,1,0.9,137.83999999999997,8.726190463197561
random,random,random,include_walls,192,0,192,1,0.9,137.82,8.554390685490109
random,random,random,False,192,0,192,1,0.99,137.38000000000002,8.54479958805354
random,random,avoid_walls,include_walls,192,0,192,1,0.7,136.74,7.259917354901501
random,random,random,exclude_walls,192,0,192,1,0.7,136.74,9.619480235438926
random,random,random,include_walls,192,0,192,1,0.99,136.68,9.013412228451553
random,random,random,include_walls,192,0,192,1,0.7,136.64000000000001,9.433260305959971
random,random,random,exclude_walls,192,0,192,1,0.99,136.54000000000002,8.92762006360038
random,random,random,include_walls,192,0,192,1,0.5,136.24,9.768643713433304
random,random,random,exclude_walls,192,0,192,1,0.5,136.16,10.158070682959437
random,random,avoid_walls,exclude_walls,192,0,192,1,0.7,134.23999999999998,7.5269117172981375
random,random,avoid_walls,include_walls,192,0,192,1,0.5,133.7,12.54400255102015
random,random,avoid_walls,exclude_walls,192,0,192,1,0.5,132.62,20.112921219952117
random,random,random,False,192,192,0,1,1.0,130.24,9.88566639129603
random,random,avoid_walls,False,192,0,192,1,0.5,128.32,12.468103304031448
